name,time_printed
AxiDraw_trivial.svg,2019-12-14 15:58
AxiDraw_trivial.svg,2019-12-14 16:01
AxiDraw_trivial.svg,2019-12-14 16:01
AxiDraw_trivial.svg,2019-12-14 16:02
AxiDraw_trivial.svg,2019-12-14 16:02
AxiDraw_trivial.svg,2019-12-14 16:05
AxiDraw_trivial.svg,2019-12-14 16:08
AxiDraw_trivial.svg,2019-12-14 16:11
AxiDraw_trivial.svg,2019-12-14 16:12
AxiDraw_trivial.svg,2019-12-14 16:29
AxiDraw_trivial.svg,2019-12-14 16:29
AxiDraw_trivial.svg,2019-12-14 16:29
AxiDraw_trivial.svg,2019-12-14 16:34
AxiDraw_trivial.svg,2019-12-14 16:35
AxiDraw_trivial.svg,2019-12-14 16:35
AxiDraw_trivial.svg,2019-12-14 16:36
AxiDraw_trivial.svg,2019-12-14 16:37
AxiDraw_trivial.svg,2019-12-14 16:40
AxiDraw_trivial.svg,2019-12-14 16:40
0001_mono.svg,2019-12-16 11:30
0010_mono.svg,2019-12-16 14:10
0012_mono.svg,2019-12-16 14:24
